{
    "2": 0.30615886496118416,
    "5": 0.3893696535946254,
    "7": 0.3419104096323207,
    "10": 0.38675433364619743,
    "15": 0.38941613623516314,
    "16": 0.4338285999456175,
    "17": 0.44171571632344925,
    "18": 0.47416625959395414,
    "19": 0.47388884312933194,
    "20": 0.4541118762484567,
    "21": 0.440698484032072,
    "22": 0.44220128038021983,
    "25": 0.4508062737425815,
    "30": 0.4354883459719012,
    "35": 0.47454763225329233,
    "40": 0.4923890807196852,
    "45": 0.48182290490497504,
    "50": 0.46596432915575015,
    "55": 0.4775313474768967,
    "60": 0.48928290332614605,
    "65": 0.4735603424810904,
    "70": 0.4759882480940085,
    "75": 0.4669483833732383
}